Alpha,Beta,Tracking_Error
0.0009214186250672951,-0.056093905387745155,0.19311962181514383
